,Prediction,Ground_truth
0,4.4536395,4.45
1,4.6140747,4.610555555555555
2,8.182262,8.184615384615386
3,8.017078,8.02
4,5.009262,5.0064705882352944
5,6.6405945,6.65
6,5.5562086,5.556111111111111
7,8.435874,8.435
8,9.207707,9.194285714285714
9,12.85826,12.862727272727273
10,6.1239405,6.132941176470588
11,10.119894,10.106
12,14.578685,14.59
13,6.74386,6.7375
14,9.046358,9.0425
15,6.4628944,6.464615384615385
16,7.300562,7.295
17,3.4747462,3.4872222222222224
18,8.847747,8.838461538461539
19,5.1944895,5.194117647058824
20,7.3065605,7.304666666666666
21,8.771549,8.756153846153847
22,8.103226,8.10153846153846
23,10.73723,10.735454545454546
24,9.788814,9.787
25,10.316154,10.318999999999999
26,7.767457,7.773846153846154
27,8.302716,8.298
28,11.801406,11.809000000000001
29,7.2392178,7.234666666666667
30,15.570682,15.55875
31,8.794532,8.776875
32,8.8093815,8.80090909090909
33,9.258505,9.254999999999999
34,7.6789656,7.676428571428572
35,6.7755604,6.775263157894736
36,5.7851706,5.785
37,6.008928,6.00764705882353
38,5.9485493,5.945294117647059
39,7.328434,7.3217647058823525
40,5.324435,5.319166666666667
41,5.1331077,5.131176470588236
42,7.2301865,7.234666666666667
43,10.962957,10.958
44,7.5281715,7.522857142857142
45,11.981551,11.991818181818182
46,8.781157,8.776666666666666
47,10.543565,10.532
48,10.421639,10.426
49,7.2402725,7.234666666666667
50,8.109015,8.10153846153846
51,4.7399755,4.752
52,5.128872,5.131176470588236
53,4.7320848,4.7283333333333335
54,3.2451763,3.2505555555555556
55,4.9357867,4.944117647058824
56,11.393526,11.383
57,5.8956795,5.9045000000000005
58,7.3088675,7.314375
59,8.596429,8.6
60,6.521767,6.534999999999999
61,5.7270823,5.71875
62,8.619101,8.60909090909091
63,7.2985897,7.295
64,5.248787,5.254375
65,7.4421988,7.4471428571428575
66,7.3764496,7.376
67,6.316474,6.30076923076923
68,8.603507,8.60909090909091
69,6.8806996,6.879333333333333
70,7.978708,7.978571428571429
71,5.4942527,5.496666666666666
72,5.5430236,5.543157894736842
73,13.562826,13.56375
74,7.9797277,7.978333333333333
75,8.512135,8.512142857142857
76,7.222661,7.220714285714286
77,12.185703,12.185454545454546
78,6.736582,6.71
79,15.052413,15.045714285714284
80,8.513057,8.510769230769231
81,9.492925,9.485833333333334
82,7.5065455,7.509411764705882
83,8.04732,8.055
84,6.2767954,6.265
85,6.8103685,6.808666666666666
86,9.154134,9.165384615384616
87,6.2083626,6.205555555555556
88,7.573633,7.58
89,5.6333885,5.631764705882353
90,8.905922,8.897272727272728
91,6.603495,6.596
92,8.155643,8.157333333333334
93,7.0705767,7.067142857142857
94,6.5416193,6.536428571428572
95,7.1789584,7.18125
96,8.664816,8.662857142857144
97,9.774984,9.768181818181818
98,8.92501,8.92
99,10.2603855,10.251818181818182
100,7.898384,7.902857142857143
101,7.174711,7.180833333333333
102,10.520948,10.52111111111111
103,10.930856,10.928181818181818
104,10.103154,10.108333333333333
105,11.890783,11.895454545454545
106,4.794903,4.787
107,7.6173368,7.610769230769231
108,6.902377,6.915
109,10.849829,10.851
110,9.191332,9.187272727272727
111,13.175738,13.165
112,6.9125285,6.915
113,13.201092,13.190999999999999
114,9.581314,9.574545454545454
115,8.890772,8.890714285714285
116,8.435099,8.435
117,8.31404,8.318181818181818
118,6.991223,6.990714285714286
119,4.979693,4.986875
120,5.448015,5.451875
121,4.293163,4.3017391304347825
122,8.812075,8.815
123,8.357136,8.359285714285715
124,6.5718374,6.561111111111111
125,6.13148,6.132941176470588
126,4.92586,4.927368421052631
127,7.23129,7.234
128,9.424394,9.413846153846153
129,5.1789885,5.19
130,10.73609,10.735454545454546
131,6.789031,6.808666666666666
132,9.995315,9.98923076923077
133,7.8345537,7.833636363636364
134,10.53237,10.532
135,4.8704443,4.8715789473684215
136,4.514976,4.5216666666666665
137,8.10426,8.10153846153846
138,7.441112,7.446666666666667
139,5.5321074,5.51875
140,7.3296905,7.3217647058823525
141,6.1608233,6.1175
142,4.3945312,4.398
143,4.929383,4.927368421052631
144,7.889223,7.890833333333333
145,8.186658,8.183846153846154
146,7.3188696,7.3217647058823525
147,8.923692,8.92
148,6.259923,6.25
149,10.730503,10.735454545454546
150,6.4994316,6.51625
151,5.1853347,5.178
152,7.819454,7.82235294117647
153,7.8433104,7.84625
154,7.775832,7.774615384615384
155,9.350926,9.347142857142858
156,6.0688896,6.079285714285715
157,7.2031794,7.197058823529411
158,7.1008844,7.092
159,10.884368,10.883846153846154
160,10.279048,10.284166666666666
161,9.75455,9.755
162,12.974376,12.96
163,9.890226,9.87857142857143
164,6.675454,6.678888888888888
165,8.22565,8.226666666666667
166,7.7620535,7.759411764705882
167,8.726516,8.723333333333333
168,7.870556,7.8726666666666665
169,8.971802,8.97625
170,6.312436,6.316875
171,6.7805376,6.763571428571429
172,11.126992,11.121818181818183
173,10.849099,10.851
174,10.2387495,10.22923076923077
175,7.243825,7.234
176,8.923511,8.923076923076923
177,8.862869,8.865833333333333
178,9.933904,9.929166666666667
179,10.015852,10.018333333333333
180,9.849431,9.840833333333334
181,9.497261,9.485833333333334
182,10.0339155,10.019166666666667
183,10.194812,10.196666666666667
184,5.3743052,5.319047619047619
185,2.4982424,2.5032352941176472
186,4.1256475,4.110454545454545
187,5.9451528,5.944705882352942
188,10.1543,10.155454545454544
189,12.931775,12.884444444444444
190,11.98085,11.992727272727272
191,5.7748575,5.7625
192,17.02161,17.02125
193,15.176713,15.16
194,10.55645,10.556923076923077
195,9.549567,9.574285714285713
196,12.234466,12.234
197,9.188074,9.187272727272727
198,9.469686,9.469
199,7.3635654,7.358333333333333
200,12.5555935,12.554
201,7.373126,7.376
202,8.35281,8.346923076923078
203,10.01398,10.030714285714286
204,7.096111,7.092
205,9.009161,9.002307692307692
206,7.6755075,7.675
207,8.316274,8.317272727272726
208,9.128588,9.130833333333333
209,9.9291525,9.929166666666667
210,8.068757,8.0675
211,7.975937,7.97875
212,7.209707,7.203076923076923
213,8.680515,8.674615384615384
214,5.8638883,5.85125
215,9.307444,9.308333333333334
216,9.661577,9.663333333333332
217,10.539961,10.541818181818181
218,6.169256,6.172
219,7.6563873,7.661333333333333
220,6.2596016,6.265
221,5.8213873,5.82
222,5.823471,5.815333333333333
223,7.5952373,7.588666666666667
224,5.4724493,5.471428571428571
225,7.5341454,7.529230769230769
226,8.938998,8.936666666666667
227,7.150778,7.142857142857143
228,9.840011,9.840833333333334
229,4.3167663,4.314444444444444
230,10.905847,10.904166666666667
231,9.575051,9.574615384615385
232,8.3764305,8.3775
233,6.7888026,6.770909090909091
234,4.790864,4.7875
235,4.5219007,4.52125
236,11.905875,11.896363636363638
237,7.3747187,7.371428571428572
238,5.3825884,5.381764705882353
239,7.527232,7.522857142857142
240,8.585159,8.587142857142856
241,7.452092,7.446923076923077
242,9.66734,9.671818181818182
243,6.307414,6.308571428571428
244,9.222824,9.22
245,8.432689,8.421666666666667
246,9.118673,9.118571428571428
247,8.692449,8.688333333333334
248,9.558795,9.574285714285713
249,8.515529,8.510666666666667
250,8.784461,8.776666666666666
251,8.706358,8.704545454545455
252,6.198222,6.205555555555556
253,7.829928,7.827142857142857
254,7.613853,7.610769230769231
255,10.6410055,10.638
256,10.107423,10.106666666666667
257,7.139434,7.142857142857143
258,15.374914,15.366666666666667
259,8.506756,8.510714285714286
260,14.519213,14.540000000000001
261,12.110944,12.10125
262,7.9818335,7.978571428571429
263,8.584253,8.586428571428572
264,6.592814,6.596
265,9.385519,9.382727272727273
266,8.898815,8.898181818181818
267,7.8901234,7.890833333333333
268,7.090959,7.092
269,5.7558045,5.744666666666666
270,12.752738,12.765555555555556
271,9.084111,9.083846153846155
272,7.978364,7.978571428571429
273,9.363904,9.362
274,8.941526,8.936666666666667
275,13.737565,13.722999999999999
276,10.72226,10.726666666666667
277,9.325956,9.346428571428572
278,6.5424175,6.546923076923077
279,10.752783,10.745000000000001
280,4.741023,4.729444444444444
281,7.978389,7.97875
282,12.235103,12.234
283,6.591143,6.5825
284,7.141654,7.134117647058823
285,10.900066,10.905000000000001
286,6.581397,6.5825
287,6.959553,6.956153846153847
288,5.5897636,5.585
289,9.310216,9.308333333333334
290,7.5169735,7.522857142857142
291,8.087953,8.085333333333333
292,8.019706,8.01
293,8.51317,8.510666666666667
294,6.9979258,7.008823529411765
295,7.974659,7.978571428571429
296,13.123366,13.121111111111112
297,7.7094383,7.713333333333334
298,7.620903,7.6241666666666665
299,9.222095,9.22
300,9.804905,9.802142857142856
301,14.061,14.043000000000001
302,9.906766,9.901538461538461
303,12.480325,12.475454545454545
304,9.942448,9.928888888888888
305,13.102897,13.084999999999999
306,9.498368,9.492307692307692
307,11.514242,11.509090909090908
308,8.827042,8.83
309,7.0268564,7.021333333333333
310,18.624474,18.6175
311,11.238145,11.229999999999999
312,14.774624,14.775555555555554
313,14.35484,14.362
314,7.4451284,7.446666666666667
315,10.99619,10.993333333333332
316,9.258186,9.256
317,12.576646,12.572727272727274
318,15.579152,15.55875
319,23.107523,22.98
320,16.354473,16.35625
321,4.545891,4.545909090909091
322,5.585726,5.585
323,6.0980406,6.1
324,7.772338,7.773846153846154
325,6.5670404,6.56
326,6.7304153,6.7379999999999995
327,7.850872,7.845625
328,6.986703,6.98125
329,6.9039593,6.915
330,8.756099,8.756153846153847
331,7.578965,7.58125
332,8.779525,8.776666666666666
333,7.447216,7.446666666666667
334,7.150326,7.143571428571429
335,12.766971,12.76625
336,9.191289,9.187272727272727
337,16.105461,16.11
338,7.5195093,7.51625
339,13.090013,13.084999999999999
340,15.015985,15.013333333333334
341,7.263541,7.253636363636364
342,8.183275,8.183076923076923
343,11.061358,11.047692307692309
344,12.042365,12.03
345,3.0936475,3.095
346,10.452137,10.426
347,7.0581656,7.067142857142857
348,5.320738,5.319411764705883
349,6.8498793,6.84875
350,5.446741,5.444705882352942
351,12.167797,12.148333333333333
352,9.739485,9.739230769230769
353,11.114623,11.11111111111111
354,11.937507,11.93888888888889
355,4.808052,4.822666666666667
356,9.313528,9.309166666666666
357,13.231903,13.238888888888889
358,7.302518,7.314375
359,8.336107,8.334166666666667
360,8.298676,8.318181818181818
361,14.428338,14.42111111111111
362,6.5360394,6.551052631578948
363,5.065021,5.065714285714286
364,8.363092,8.358571428571429
365,6.1200113,6.087222222222222
366,6.573539,6.570588235294117
367,4.8805895,4.884090909090909
368,5.0403104,5.0394736842105265
369,4.964428,4.964761904761905
370,7.0158014,7.021333333333333
371,8.310733,8.317272727272726
372,11.703958,11.702727272727271
373,8.805903,8.794666666666666
374,9.868016,9.865454545454545
375,10.252266,10.253636363636364
376,12.763574,12.766
377,5.5659003,5.569411764705883
378,10.027269,10.030714285714286
379,7.90372,7.902857142857143
380,7.605219,7.598571428571428
381,5.5666847,5.569411764705883
382,7.891511,7.890833333333333
383,8.508528,8.510769230769231
384,9.822756,9.82
385,5.60928,5.6161111111111115
386,8.155585,8.156666666666666
387,7.3719687,7.380625
388,5.7243824,5.732777777777778
389,8.441467,8.44
390,7.167835,7.163333333333333
391,5.3786254,5.385625
392,6.583247,6.596
393,8.2056465,8.206428571428571
394,5.748433,5.745333333333334
395,8.581967,8.581333333333333
396,5.0288486,5.015714285714286
397,7.0496197,7.048125
398,6.875566,6.879333333333333
399,7.1180687,7.119230769230769
400,9.221934,9.22
401,8.155651,8.155833333333334
402,11.621331,11.613333333333335
403,8.519336,8.510666666666667
404,9.3300085,9.329230769230769
405,9.860465,9.864545454545455
406,6.6471777,6.64875
407,12.499589,12.5
408,9.291776,9.289090909090909
409,4.892123,4.882941176470588
410,6.31394,6.320588235294117
411,11.463854,11.466666666666667
412,9.896345,9.894
413,7.8378234,7.845625
414,8.659804,8.662857142857144
415,11.128905,11.121818181818183
416,10.54474,10.532
417,6.910699,6.915833333333333
418,7.5927744,7.598571428571428
419,7.6015277,7.598571428571428
420,10.73741,10.735454545454546
421,9.581123,9.574166666666667
422,10.737,10.735454545454546
423,9.571559,9.574615384615385
424,10.995898,10.9925
425,14.246955,14.255
426,10.464133,10.460833333333333
427,8.786522,8.80090909090909
428,8.435954,8.44
429,8.765381,8.743571428571428
430,18.084515,18.088333333333335
431,8.455202,8.444375
432,8.69609,8.688333333333334
433,7.7772226,7.773846153846154
434,7.8613095,7.856153846153846
435,6.4369774,6.454
436,9.088787,9.0425
437,7.5248327,7.518
438,13.347537,13.347272727272726
439,5.025283,5.023888888888889
440,10.819709,10.815833333333332
441,6.1568737,6.155714285714287
442,13.147542,13.154545454545454
443,13.72051,13.725
444,11.494691,11.49
445,11.122435,11.123636363636363
446,6.2945433,6.241333333333333
447,6.968738,6.956153846153847
448,7.7470975,7.750714285714286
449,6.887833,6.883529411764705
450,8.318758,8.317272727272726
451,8.592263,8.592307692307692
452,9.8236475,9.82
453,7.6197443,7.6123076923076916
454,6.959962,6.963636363636363
455,14.364879,14.36125
456,10.378345,10.3725
457,11.169837,11.17
458,9.7449,9.738461538461538
459,16.309025,16.31222222222222
460,6.8410416,6.848125
461,8.05009,8.055
462,9.92218,9.9075
463,10.961321,10.959999999999999
464,6.7926893,6.7825
465,9.079604,9.090909090909092
466,7.531473,7.5284615384615385
467,9.043385,9.043000000000001
468,7.7946453,7.801333333333333
469,10.741828,10.7275
470,6.5230036,6.525333333333333
471,9.686397,9.72642857142857
472,7.0362835,7.033333333333333
473,6.786558,6.781875
474,6.70712,6.715625
475,5.981058,5.98375
476,9.960068,9.960909090909091
477,7.3746643,7.3707142857142856
478,8.710058,8.703636363636363
479,6.146696,6.155
480,8.155774,8.155833333333334
481,6.7746706,6.77
482,10.568858,10.563571428571427
483,8.963534,8.954166666666667
484,9.766233,9.768181818181818
485,5.3912587,5.3950000000000005
486,8.734764,8.723
487,8.305011,8.298
488,5.632976,5.631764705882353
489,6.788681,6.792307692307692
490,7.6065774,7.598571428571428
491,10.83143,10.831818181818182
492,4.962026,4.964666666666667
493,10.635636,10.639090909090909
494,10.465232,10.461666666666668
495,3.666287,3.6390322580645162
496,4.7495885,4.767777777777777
497,4.5776997,4.579130434782608
498,4.6354585,4.6305
499,5.3913994,5.382352941176471
500,5.2115326,5.213
501,10.525756,10.520000000000001
502,5.0577636,5.053125
503,7.798817,7.801666666666667
504,7.0573835,7.067142857142857
505,6.9081883,6.915
506,5.17606,5.177333333333333
507,6.63169,6.6292307692307695
508,13.958495,13.9625
509,11.947207,11.93888888888889
510,10.064473,10.058181818181819
511,9.166981,9.165384615384616
512,7.74183,7.730666666666666
513,6.462014,6.454
514,6.5913906,6.596
515,6.533308,6.524666666666667
516,7.1706705,7.180625
517,12.77098,12.766
518,8.300081,8.298
519,7.72836,7.730666666666666
520,7.16615,7.163333333333333
521,7.8196344,7.828571428571428
522,10.725102,10.726666666666667
523,10.83068,10.831818181818182
524,6.942372,6.950666666666667
525,7.893139,7.890833333333333
526,7.4519663,7.447333333333333
527,11.057434,11.064
528,7.440311,7.446666666666667
529,8.055341,8.055
530,10.286635,10.29
531,6.8108964,6.808666666666666
532,8.652084,8.652666666666667
533,7.1703744,7.180625
534,8.071624,8.069166666666666
535,8.866862,8.865333333333332
536,5.784541,5.784375
537,6.4520807,6.454
538,3.564464,3.561304347826087
539,5.907421,5.910555555555556
540,6.1105056,6.116875
541,8.056184,8.055
542,7.2962112,7.3053333333333335
543,5.9087834,5.9
544,13.1798,13.165
545,6.4482346,6.454
546,7.851775,7.856153846153846
547,5.0058594,5.0064705882352944
548,4.0094,4.002380952380952
549,7.5223093,7.518
550,6.2008514,6.205555555555556
551,5.260204,5.260000000000001
552,7.3613243,7.3707142857142856
553,3.9195123,3.916818181818182
554,5.4895096,5.496666666666666
555,8.521434,8.510714285714286
556,7.8730903,7.8726666666666665
557,7.2388096,7.234
558,6.737876,6.7375
559,9.1654,9.166923076923077
560,6.557683,6.546923076923077
561,10.063144,10.065384615384614
562,6.6070676,6.597333333333333
563,6.8129315,6.808666666666666
564,8.512654,8.510714285714286
565,9.224042,9.22
566,9.002725,9.002307692307692
567,11.175149,11.171666666666667
568,7.877646,7.88470588235294
569,8.968888,8.96642857142857
570,10.369855,10.3725
571,14.770499,14.775555555555554
572,11.069992,11.064
573,11.963431,11.947692307692307
574,11.977212,11.968333333333334
575,16.485693,16.48875
576,14.994221,15.012222222222224
577,14.36111,14.362
578,11.992013,11.98
579,10.847547,10.851
580,9.660172,9.645333333333333
581,9.7256155,9.72642857142857
582,16.09552,16.0925
583,8.518425,8.510833333333332
584,7.295536,7.295
585,9.4229965,9.422142857142857
586,7.1608286,7.163333333333333
587,6.671851,6.666666666666667
588,8.690979,8.69
589,9.080259,9.078
590,9.049265,9.044166666666667
591,9.045565,9.042857142857143
592,12.143685,12.145000000000001
593,8.728421,8.71
594,7.6501217,7.64625
595,17.530998,17.55375
596,10.831051,10.831818181818182
597,12.295254,12.275384615384617
598,17.873846,17.848888888888887
599,14.300505,14.313636363636363
600,6.806082,6.7379999999999995
601,10.551076,10.549999999999999
602,13.836757,13.83
603,15.178506,15.16
604,26.147264,26.174
605,19.363487,18.724
606,9.211564,9.22
607,7.750528,7.751428571428571
608,6.5210047,6.524666666666667
609,7.961441,7.94764705882353
610,7.749137,7.751428571428571
611,8.065381,8.045625
612,7.519921,7.522857142857142
613,5.6069894,5.599473684210526
614,9.7546215,9.7525
615,3.4809299,3.4818181818181815
616,4.1221037,4.130588235294118
617,4.973528,4.9809090909090905
618,9.903136,9.901538461538461
619,20.681381,19.148
620,20.134205,19.574
621,17.227001,17.234
622,10.558993,10.557692307692308
623,13.72927,13.732727272727272
624,10.370585,10.3725
625,7.418724,7.446666666666667
626,5.1831937,5.177333333333333
627,10.278411,10.283333333333333
628,6.6096425,6.611428571428571
629,7.447289,7.446666666666667
630,5.7766867,5.7752380952380955
631,8.207332,8.206428571428571
632,4.8495955,4.856521739130435
633,10.023441,10.019166666666667
634,13.841041,13.831
635,5.866009,5.85125
636,8.721087,8.71
637,7.6306553,7.63470588235294
638,12.762061,12.765555555555556
639,11.621745,11.613333333333335
640,12.224713,12.234
641,7.6429157,7.64625
642,9.582644,9.577692307692308
643,9.14992,9.19
644,19.531292,19.506666666666668
645,7.4478235,7.449166666666667
646,8.843468,8.837692307692308
647,12.66706,12.66
648,8.5264015,8.510909090909092
649,4.3595476,4.3566666666666665
650,5.118977,5.116666666666667
651,4.3768454,4.380588235294118
652,9.124593,9.0425
653,9.309487,9.308333333333334
654,9.410819,9.411538461538461
655,5.4453506,5.444117647058824
656,4.934439,4.91
657,6.054188,6.056153846153847
658,7.297697,7.3053333333333335
659,8.6670475,8.674615384615384
660,6.541482,6.534999999999999
661,7.676337,7.675
662,7.9061117,7.902857142857143
663,6.5401125,6.546923076923077
664,7.040825,7.037692307692307
665,5.765985,5.7625
666,8.333703,8.334166666666667
667,7.7811146,7.773846153846154
668,8.908225,8.92
669,9.041173,9.043000000000001
670,9.25478,9.254999999999999
671,9.092902,9.083846153846155
672,4.1932416,4.196111111111112
673,8.535562,8.510625
674,4.58771,4.591052631578948
675,6.589226,6.596
676,5.7767396,5.779285714285714
677,10.637515,10.638333333333334
678,9.577102,9.575000000000001
679,9.92974,9.929166666666667
680,7.3009763,7.304666666666666
681,7.021798,7.022666666666667
682,7.73987,7.737272727272727
683,10.103654,10.106666666666667
684,6.7916555,6.7825
685,7.7186675,7.720833333333334
686,7.254878,7.253636363636364
687,4.761666,4.759473684210526
688,5.443881,5.444117647058824
689,6.835303,6.839285714285714
690,7.286209,7.295
691,7.745797,7.750714285714286
692,6.6112576,6.611428571428571
693,4.7309837,4.7345
694,5.5312667,5.532
695,4.40767,4.415
696,7.601692,7.598571428571428
697,7.102668,7.114375
698,5.5001106,5.496666666666666
699,5.0430055,5.053125
700,6.390546,6.384375
701,10.76059,10.758888888888889
702,11.899075,11.895454545454545
703,8.999791,8.994545454545454
704,7.379019,7.376
705,5.979327,5.98375
706,5.8106976,5.815333333333333
707,7.7733927,7.773846153846154
708,11.702256,11.702
709,12.287249,12.282727272727273
710,8.688604,8.688333333333334
711,13.986334,13.985714285714286
712,10.93015,10.928181818181818
713,8.898212,8.897272727272728
714,12.017287,12.020999999999999
715,7.6196756,7.6241666666666665
716,6.167865,6.1706666666666665
717,4.9176784,4.914285714285715
718,6.7454185,6.7375
719,3.1695724,3.125625
720,6.599183,6.596
721,7.7337475,7.737272727272727
722,9.147345,9.15
723,10.16594,10.166666666666666
724,5.770712,5.767368421052631
725,5.2572093,5.2564705882352944
726,6.1892633,6.18375
727,8.057795,8.055
728,6.943373,6.950666666666667
729,4.4973826,4.491666666666666
730,3.9441767,3.94235294117647
731,5.529731,5.532
732,5.5261517,5.513636363636364
733,9.500876,9.492307692307692
734,9.92904,9.929166666666667
735,7.444929,7.4479999999999995
736,6.694106,6.687142857142858
737,8.141086,8.13529411764706
738,8.950595,8.948823529411765
739,10.931693,10.928181818181818
740,7.911154,7.913125
741,7.042275,7.048125
742,7.1672554,7.163333333333333
743,15.3006735,15.2925
744,6.5743647,6.570588235294117
745,6.6432247,6.628461538461538
746,6.598489,6.576363636363637
747,8.027635,8.02
748,10.962871,10.965384615384616
749,5.6359477,5.631764705882353
750,9.002009,9.00153846153846
751,9.653338,9.656153846153845
752,8.40496,8.404
753,5.7922115,5.7752380952380955
754,10.219681,10.22923076923077
755,5.6855154,5.673809523809524
756,9.976645,9.984615384615385
757,13.920926,13.926363636363636
758,15.66683,15.667272727272728
759,9.582242,9.575000000000001
760,13.838798,13.83
761,11.21996,11.22
762,11.182413,11.171666666666667
763,7.3024416,7.295
764,8.431894,8.430769230769231
765,12.355498,12.34
766,9.754881,9.751666666666667
767,9.1901655,9.194285714285714
768,8.66035,8.662857142857144
769,12.333575,12.34
770,7.760125,7.752142857142857
771,14.380059,14.361666666666666
772,12.169685,12.145833333333334
773,11.556895,11.56
774,12.487477,12.475454545454545
775,8.100313,8.10153846153846
776,11.320602,11.315454545454545
777,9.932812,9.928888888888888
778,8.298716,8.298
779,16.5572,16.565714285714286
780,8.301939,8.298
781,11.2394495,11.232222222222223
782,11.487062,11.489
783,11.20114,11.210769230769232
784,8.7803755,8.776666666666666
785,10.3693495,10.3675
786,11.279108,11.277
787,6.5640206,6.56
788,7.6499214,7.659999999999999
789,13.57429,13.56375
790,8.838643,8.838461538461539
791,12.77558,12.767777777777777
792,6.9936843,6.991428571428571
793,10.379889,10.3725
794,6.295567,6.3305
795,5.9703317,5.9045000000000005
796,11.311004,11.30375
797,5.0538964,5.053
798,11.216797,11.22888888888889
799,8.365656,8.358571428571429
800,9.3478155,9.346428571428572
801,6.836354,6.828333333333333
802,7.6377735,7.640000000000001
803,5.24483,5.2525
804,12.555667,12.572727272727274
805,8.888508,8.890714285714285
806,6.8325562,6.8428571428571425
807,10.436958,10.445454545454545
808,11.708289,11.703
809,10.827178,10.851333333333335
810,9.252482,9.246923076923077
811,12.132791,12.128
812,12.148985,12.145000000000001
813,19.151627,19.154285714285717
814,15.35588,15.366666666666667
815,9.780327,9.787
816,3.4164996,3.417368421052632
817,9.966168,9.929333333333334
818,13.516229,13.511000000000001
819,11.491848,11.489
820,13.962669,13.96375
821,7.743841,7.730666666666666
822,7.656569,7.6593333333333335
823,5.759247,5.7570588235294125
824,8.200458,8.206428571428571
825,6.6042347,6.595999999999999
826,5.889535,5.892307692307692
827,9.008584,9.007333333333333
828,13.835271,13.83
829,10.833093,10.831818181818182
830,10.397298,10.393076923076924
831,8.842407,8.838461538461539
832,9.49089,9.492307692307692
833,8.755434,8.756153846153847
834,9.573909,9.574615384615385
835,6.4560413,6.464615384615385
836,7.450114,7.446923076923077
837,4.7392335,4.734
838,5.3797026,5.37
839,9.960371,9.960909090909091
840,8.518014,8.510909090909092
841,5.84724,5.85125
842,9.672084,9.67090909090909
843,10.312732,10.318999999999999
844,7.6592693,7.683333333333334
845,9.690767,9.67090909090909
846,6.2981586,6.307142857142857
847,4.629279,4.630588235294118
848,11.2936735,11.30375
849,7.14812,7.156363636363636
850,11.549796,11.549999999999999
851,18.62564,18.616666666666667
852,14.379308,14.3625
853,7.4492335,7.446923076923077
854,9.491338,9.493076923076924
855,7.2067175,7.201538461538462
856,5.6844425,5.6915
857,6.3815846,6.383333333333334
858,5.2801495,5.2730434782608695
859,3.9402661,3.931739130434783
860,5.5395293,5.543157894736842
861,3.7673006,3.771818181818182
862,4.0462327,4.05076923076923
863,4.077586,4.070434782608696
864,7.067136,7.067142857142857
865,5.382051,5.381111111111111
866,7.0241027,7.021333333333333
867,14.740985,14.741428571428571
868,6.515662,6.5175
869,7.878569,7.8726666666666665
870,6.7185197,6.715625
871,6.7910376,6.783125
872,7.238145,7.2475
873,6.054656,6.050625
874,6.241995,6.250625
875,6.3090496,6.316875
876,6.17508,6.18375
877,7.97937,7.97875
878,5.5013294,5.496666666666666
879,4.7041545,4.712142857142857
880,4.3974075,4.41
881,8.127199,8.123636363636363
882,7.2297,7.234
883,3.403802,3.4045
884,6.2609396,6.265
885,5.209017,5.207368421052632
886,4.536684,4.536842105263158
887,6.3805513,6.382666666666666
888,4.3190727,4.314444444444444
889,9.31589,9.308333333333334
890,7.1710587,7.163333333333333
891,8.335274,8.334999999999999
892,8.183109,8.183076923076923
893,9.483752,9.478181818181818
894,10.439237,10.43
895,5.4908547,5.471428571428571
896,4.8598237,4.85375
897,9.996542,9.984615384615385
898,11.166261,11.17
899,7.943024,7.937692307692307
900,10.153846,10.154545454545454
901,10.737461,10.735454545454546
902,12.239195,12.236
903,6.839341,6.825833333333333
904,13.573943,13.578333333333333
905,6.4521894,6.454
906,7.977896,7.978333333333333
907,10.070474,10.065384615384614
908,7.7974424,7.801666666666667
909,10.645791,10.637777777777778
910,11.716962,11.702
911,9.963454,9.960909090909091
912,6.682541,6.672727272727273
913,11.12202,11.121818181818183
914,10.258934,10.251818181818182
915,7.6269774,7.640000000000001
916,9.485575,9.478181818181818
917,9.773752,9.768181818181818
918,9.767611,9.768181818181818
919,10.734615,10.735454545454546
920,6.9873753,6.9825
921,9.424232,9.422142857142857
922,10.314845,10.31076923076923
923,14.531244,14.538888888888888
924,10.445046,10.444545454545455
925,10.374038,10.3725
926,6.113612,6.088888888888889
927,6.8895826,6.873846153846154
928,10.06889,10.065384615384614
929,6.3854074,6.383125
930,12.801122,12.7675
931,7.4558625,7.446666666666667
932,13.411825,13.406
933,9.928948,9.957142857142857
934,12.29262,12.293333333333333
935,8.691423,8.688333333333334
936,9.929849,9.929166666666667
937,8.636955,8.688333333333334
938,14.085559,14.011666666666665
939,10.905215,10.905833333333334
940,10.988914,10.9925
941,11.440534,11.435833333333333
942,10.734639,10.735833333333334
943,11.321437,11.315454545454545
944,14.150899,14.149000000000001
945,14.659289,14.656666666666666
946,18.562162,18.6175
947,15.379107,15.367777777777778
948,8.336627,8.333333333333334
949,11.803296,11.790833333333333
950,5.9504423,5.94
951,5.450618,5.451875
952,6.1761327,6.18375
953,9.465501,9.469
954,7.4360766,7.4471428571428575
955,10.377089,10.374166666666666
956,10.374349,10.3725
957,7.9398766,7.9479999999999995
958,10.212514,10.213
959,14.1841,14.184444444444445
960,6.534692,6.534999999999999
961,10.5603695,10.556153846153846
962,12.481901,12.475454545454545
963,11.033137,11.025454545454545
964,6.0630965,6.092727272727273
965,3.8591037,3.8499999999999996
966,2.9297462,2.9254166666666666
967,4.789161,4.788888888888889
968,3.316227,3.314230769230769
969,3.4099731,3.4044
970,4.1534905,4.149
971,3.7712898,3.772272727272727
972,3.1512733,3.150384615384615
973,3.636746,3.6399999999999997
974,3.4633498,3.4674074074074075
975,3.5131407,3.5188461538461535
976,3.7429533,3.746521739130435
977,2.8571167,2.8613793103448275
978,3.9690099,3.9650000000000003
979,2.5237527,2.5265625
980,2.0090334,2.009722222222222
981,2.8932748,2.8979310344827587
982,2.1919696,2.1921212121212124
983,2.6974497,2.6911764705882355
984,2.1648993,2.16448275862069
985,2.5920167,2.5934375
986,2.7534986,2.7513793103448276
987,2.5642166,2.562727272727273
988,3.7300825,3.7242307692307692
989,3.498733,3.4957142857142856
990,4.5928183,4.591052631578948
991,2.7679408,2.7735714285714286
992,3.073516,3.0778571428571433
993,3.5084534,3.507037037037037
994,3.341507,3.3363636363636364
995,4.7296042,4.7283333333333335
996,3.764978,3.772272727272727
997,3.0985487,3.0991304347826087
998,2.8159142,2.8114285714285714
999,2.2776027,2.279642857142857
1000,2.8015738,2.8084
1001,2.126859,2.1278125
1002,3.0261135,3.0280769230769233
1003,3.2829013,3.2763999999999998
1004,3.4704552,3.469130434782609
1005,1.7913334,1.7934285714285716
1006,1.5969137,1.5960526315789474
1007,1.5360477,1.5335294117647058
1008,3.1901083,3.1915
1009,2.53063,2.5393548387096776
1010,4.1896815,4.196111111111112
1011,3.9996104,4.005294117647059
1012,3.2896953,3.2881818181818185
1013,2.640737,2.6433333333333335
1014,2.851935,2.8483870967741933
1015,3.10592,3.1068000000000002
1016,3.47646,3.4818181818181815
1017,3.4359612,3.445238095238095
1018,4.036638,4.037368421052631
1019,3.9126682,3.916818181818182
1020,4.212223,4.206818181818182
1021,4.148606,4.173846153846154
1022,2.9605322,2.95875
1023,3.0225453,3.0141666666666667
1024,3.3836966,3.385
1025,2.9806252,2.9788
1026,4.6140137,4.61
1027,6.53003,6.534999999999999
1028,3.3438473,3.343333333333333
1029,3.2362113,3.234
1030,2.407597,2.4113333333333333
1031,4.2558823,4.25578947368421
1032,5.7841663,5.785
1033,3.8573613,3.8504761904761904
1034,2.7356324,2.7357142857142853
1035,3.3093495,3.31
1036,2.270165,2.2744827586206893
1037,2.9804668,2.9788
1038,2.7315664,2.7236000000000002
1039,2.992231,2.978666666666667
1040,2.7688167,2.7752173913043476
1041,3.3490224,3.3492592592592594
1042,2.2048163,2.2010344827586206
1043,4.143857,4.143157894736842
1044,3.851036,3.8499999999999996
1045,2.947239,2.946153846153846
1046,2.9516306,2.9551851851851856
1047,3.147995,3.1431818181818185
1048,3.9765787,3.975263157894737
1049,2.2206435,2.2245454545454546
1050,2.8927083,2.8939999999999997
1051,3.240635,3.2378260869565216
1052,2.7232344,2.7291304347826086
1053,3.4617944,3.4579999999999997
1054,3.6493702,3.6476190476190475
1055,4.2588215,4.255454545454546
1056,3.838715,3.8391304347826085
1057,4.2644825,4.2555
1058,5.0048504,5.0
1059,4.6349063,4.628
1060,3.6229157,3.626818181818182
1061,3.8698864,3.8686363636363637
1062,4.2490535,4.2555
1063,4.367674,4.367368421052632
1064,4.442325,4.442941176470589
1065,4.4980907,4.492222222222222
1066,4.143538,4.1505
1067,6.170448,6.1706666666666665
1068,5.6509695,5.651875
1069,6.009119,6.007142857142857
1070,6.0766554,6.079285714285715
1071,4.414049,4.4159999999999995
1072,5.3169937,5.319333333333334
1073,4.265571,4.2570588235294125
1074,5.5092573,5.5070588235294125
1075,2.9054055,2.9050000000000002
1076,2.3126125,2.317857142857143
1077,3.3450947,3.343571428571429
1078,4.266818,4.255217391304348
1079,2.7904875,2.788965517241379
1080,3.507629,3.502083333333333
1081,3.743259,3.746521739130435
1082,2.713635,2.718518518518519
1083,3.1142204,3.115357142857143
1084,2.7218642,2.7236000000000002
1085,2.876111,2.888095238095238
1086,3.015307,3.014583333333333
1087,2.9170208,2.9155555555555557
1088,5.214693,5.213
1089,2.7324781,2.7236000000000002
1090,2.1276188,2.1278125
1091,3.7305522,3.7242307692307692
1092,5.0937924,5.1066666666666665
1093,4.13399,4.137777777777778
1094,4.5750027,4.575
1095,3.3487382,3.343333333333333
1096,2.1644313,2.1704
1097,4.1734324,4.162608695652174
1098,4.4196043,4.415
1099,3.9725804,3.9778260869565214
1100,3.69549,3.7004347826086956
1101,2.3085606,2.3175
1102,4.590654,4.591578947368421
1103,4.461909,4.455
1104,3.3848777,3.3748275862068966
1105,4.018727,4.013636363636364
1106,5.0355635,5.0394736842105265
1107,4.148029,4.154285714285714
1108,4.032738,4.031578947368421
1109,3.142467,3.144545454545455
1110,3.9458604,3.936
1111,4.142834,4.143684210526316
1112,3.1473274,3.1492
1113,4.853871,4.856521739130435
1114,3.3643432,3.362
1115,2.3228807,2.324814814814815
1116,2.8207483,2.8230769230769233
1117,2.7373075,2.745483870967742
1118,3.8282018,3.8299999999999996
1119,3.1547859,3.1385
1120,3.9061174,3.900952380952381
1121,3.2994266,3.316470588235294
1122,2.6815457,2.684761904761905
1123,4.792599,4.7875
1124,3.5531569,3.5617391304347827
1125,4.1989794,4.199473684210527
1126,5.885044,5.885294117647058
1127,7.1947246,7.235333333333333
1128,4.4239244,4.423157894736843
1129,6.118414,6.116875
1130,4.6131477,4.61
1131,5.6346536,5.6385
1132,5.0833645,5.082777777777777
1133,5.0239916,5.025
1134,4.2077446,4.2128
1135,5.726856,5.646538461538461
1136,5.236838,5.222727272727273
1137,2.8183231,2.8236666666666665
1138,1.763129,1.7639473684210527
1139,3.715561,3.723333333333333
1140,7.0266924,7.022666666666667
1141,5.075223,5.082777777777777
1142,4.374335,4.373333333333333
1143,5.6526318,5.651875
1144,5.384078,5.381764705882353
1145,5.3812785,5.382352941176471
1146,5.796775,5.785
1147,5.926672,5.9175
1148,6.779674,6.781875
1149,5.5916133,5.585
1150,4.885692,4.881176470588236
1151,6.0482273,6.050625
1152,8.253704,8.245
1153,4.0472255,4.043
1154,4.539487,4.545909090909091
1155,1.8875467,1.8874193548387097
1156,2.1254954,2.1275757575757575
1157,2.362679,2.3677419354838714
1158,3.0107365,3.006521739130435
1159,5.0156493,5.023888888888889
1160,5.4406514,5.437222222222222
1161,5.929138,5.935263157894736
1162,5.199807,5.207368421052632
1163,5.5776453,5.569411764705883
1164,3.593813,3.5904166666666666
1165,7.0160704,7.021333333333333
1166,9.487029,9.485833333333334
1167,6.247669,6.242666666666667
1168,5.7423754,5.744666666666666
1169,4.8374557,4.8405000000000005
1170,8.151789,8.156666666666666
1171,4.2535458,4.255238095238095
1172,4.805575,4.7945
1173,6.1351852,6.132941176470588
1174,3.3771377,3.3765217391304345
1175,3.6482801,3.654347826086956
1176,4.9774656,4.9804545454545455
1177,2.0504742,2.0239024390243903
1178,2.0229897,2.028125
1179,5.6386304,5.633529411764705
1180,6.819833,6.808666666666666
1181,9.464869,9.478181818181818
1182,7.6025953,7.599285714285714
1183,8.3945675,8.3775
1184,7.7249613,7.730666666666666
1185,7.015305,7.022666666666667
1186,5.395037,5.385625
1187,5.6383615,5.6385
1188,5.541266,5.543157894736842
1189,4.114549,4.1225
1190,5.138864,5.141666666666667
1191,5.3180456,5.319523809523809
1192,5.4242277,5.431052631578948
1193,4.759502,4.762380952380953
1194,4.3530316,4.3566666666666665
1195,4.9591274,4.965
1196,4.209652,4.2128
1197,4.560981,4.559523809523809
1198,4.866281,4.871052631578947
1199,2.2160118,2.214054054054054
1200,1.27155,1.1039622641509435
1201,1.5067914,1.5291666666666668
1202,9.485391,9.485833333333334
1203,7.657338,7.6593333333333335
1204,7.2882366,7.295
1205,4.5676656,4.568823529411765
1206,6.2398505,6.241333333333333
1207,7.8277006,7.827142857142857
1208,8.725514,8.723333333333333
1209,6.2411795,6.25
1210,7.240549,7.234666666666667
1211,6.9205723,6.91625
1212,6.450386,6.445294117647059
1213,7.1581907,7.163333333333333
1214,7.7309494,7.730666666666666
1215,8.334749,8.334166666666667
1216,8.597986,8.592307692307692
1217,5.882197,5.886666666666667
1218,5.668718,5.6738888888888885
1219,5.803561,5.804545454545455
1220,4.6494226,4.6445454545454545
1221,4.4983044,4.497272727272727
1222,3.4642944,3.4575
1223,4.425013,4.423684210526315
1224,2.9175324,2.9166666666666665
1225,4.95872,4.965333333333334
1226,6.3920765,6.385454545454545
1227,6.154644,6.155714285714287
1228,5.9699373,5.970555555555555
1229,5.033717,5.029090909090909
1230,8.155535,8.155833333333334
1231,5.0982175,5.095263157894737
1232,4.883437,4.881176470588236
1233,7.718752,7.713125
1234,5.061876,5.053125
1235,6.2487774,6.258235294117647
1236,5.5392547,5.543157894736842
1237,6.9737988,6.98125
1238,9.581775,9.574
1239,5.7543936,5.7570588235294125
1240,7.66713,7.66
1241,8.69086,8.688333333333334
1242,8.018835,8.02
1243,5.319813,5.319411764705883
1244,3.8641667,3.8805882352941174
1245,5.133942,5.131764705882353
1246,5.758737,5.7570588235294125
1247,2.1804774,2.1885714285714286
1248,1.938266,1.9402941176470587
1249,2.249617,2.246111111111111
1250,5.3978868,5.395714285714286
1251,7.213149,7.219285714285713
1252,7.944174,7.939230769230769
1253,6.5378695,6.534999999999999
1254,6.8088984,6.808666666666666
1255,7.381661,7.384705882352941
1256,13.57018,13.565
1257,7.92852,7.943333333333333
1258,9.985558,10.001000000000001
1259,6.200265,6.206666666666667
1260,8.674892,8.677692307692308
1261,10.858142,10.856
1262,7.625241,7.6241666666666665
1263,8.245263,8.245
1264,3.1354504,3.1376
1265,5.9635324,5.969444444444445
1266,5.5156417,5.5070588235294125
1267,5.7297516,5.732777777777778
1268,3.7861934,3.79952380952381
1269,5.21053,5.213
1270,6.975846,6.98125
1271,5.6157165,5.614999999999999
1272,3.9212446,3.931739130434783
1273,3.5640697,3.56
1274,5.1043777,5.1066666666666665
1275,2.0545292,2.06125
1276,1.8952539,1.9039473684210524
1277,6.8076468,6.808666666666666
1278,7.086253,7.0925
1279,6.219459,6.22
1280,6.025114,6.028666666666667
1281,7.622754,7.6241666666666665
1282,8.010667,8.02
1283,5.946128,5.944705882352942
1284,7.99239,7.9799999999999995
1285,4.00927,4.018888888888889
1286,5.438658,5.444705882352942
1287,5.2528567,5.260000000000001
1288,5.784663,5.784375
1289,9.827847,9.82
1290,7.9794655,7.978571428571429
1291,6.370595,6.382941176470588
1292,2.1264606,2.12875
1293,6.1391716,6.14
1294,4.6121345,4.61
1295,6.6369643,6.649166666666667
1296,4.1350017,4.137222222222222
1297,6.5578012,6.560833333333334
1298,6.807683,6.808666666666666
1299,10.531165,10.532
1300,5.4445596,5.437222222222222
1301,8.203015,8.206428571428571
1302,4.6178355,4.610555555555555
1303,7.2993813,7.3053333333333335
1304,7.855129,7.856153846153846
1305,10.285176,10.283333333333333
1306,7.118498,7.119230769230769
1307,6.8698745,6.879333333333333
1308,2.813827,2.8117857142857146
1309,2.2757502,2.2792857142857144
1310,7.5214047,7.5284615384615385
1311,4.9867945,4.986875
1312,7.2322445,7.235333333333333
1313,4.6135283,4.61
1314,6.7316256,6.737777777777778
1315,6.107668,6.1175
1316,5.518936,5.51875
1317,5.59865,5.602666666666667
1318,9.187356,9.19
1319,6.537718,6.534999999999999
1320,7.0011663,7.008823529411765
1321,5.382121,5.381764705882353
1322,7.888982,7.891666666666667
1323,5.387406,5.390666666666666
1324,10.10992,10.106666666666667
1325,3.3399057,3.3363636363636364
1326,3.4468522,3.4283333333333332
1327,2.9154954,2.9254166666666666
1328,4.5430484,4.535789473684211
1329,2.8024197,2.8087999999999997
1330,5.144171,5.1433333333333335
1331,6.0259333,6.028666666666667
1332,5.0698643,5.068823529411765
1333,7.511559,7.518
1334,5.8797197,5.879473684210526
1335,4.534066,4.535263157894737
1336,8.426308,8.429230769230768
1337,12.575782,12.572727272727274
1338,8.68991,8.688333333333334
1339,7.9798255,7.979285714285714
1340,5.9701614,5.959333333333333
1341,8.105844,8.105384615384615
1342,7.730954,7.730666666666666
1343,6.544071,6.546923076923077
1344,6.502329,6.51625
1345,7.097672,7.092
1346,7.0207653,7.021333333333333
1347,3.029262,3.034074074074074
1348,11.355003,11.347777777777777
1349,6.950673,6.952
1350,7.732692,7.730666666666666
1351,5.9176226,5.91875
1352,5.6525917,5.651875
1353,5.96807,5.969444444444445
1354,8.416824,8.405
1355,7.257204,7.258823529411765
1356,5.6756344,5.6738888888888885
1357,5.4820933,5.483076923076923
1358,8.030122,8.027272727272727
1359,7.772505,7.774615384615384
1360,9.367233,9.362
1361,6.772399,6.763571428571429
1362,7.6107693,7.610769230769231
1363,5.173703,5.177333333333333
1364,5.3197417,5.319375
1365,4.7154465,4.711428571428572
1366,5.0435038,5.053125
1367,5.4292583,5.437777777777778
1368,5.0572667,5.056875
1369,5.1865582,5.18625
1370,5.1811066,5.18625
1371,3.6053567,3.6078260869565217
1372,9.220095,9.22
1373,10.560668,10.556923076923077
1374,5.1363225,5.142222222222222
1375,5.3766193,5.378333333333334
1376,6.1632705,6.17
1377,11.176322,11.17125
1378,7.1733394,7.180833333333333
1379,7.774539,7.773846153846154
1380,9.563631,9.574
1381,11.466817,11.465555555555556
1382,3.8597364,3.8514285714285714
1383,4.9190073,4.920625
1384,4.5464816,4.539333333333333
1385,4.314578,4.315
1386,3.702582,3.6923529411764706
1387,4.4604554,4.468500000000001
1388,5.313704,5.318888888888889
1389,5.107178,5.119375
1390,6.151106,6.155
1391,5.0229225,5.015
1392,4.8832126,4.881176470588236
1393,5.6393375,5.6385
1394,6.69197,6.687142857142858
1395,4.7355657,4.7345
1396,6.5823674,6.5825
1397,7.2334285,7.234666666666667
1398,7.1409054,7.144285714285714
1399,8.018645,8.02
1400,3.0376515,3.0448275862068965
1401,3.8585205,3.8686363636363637
1402,4.47421,4.470666666666667
1403,5.479177,5.483076923076923
1404,4.5640826,4.582307692307692
1405,6.3010616,6.287272727272727
1406,3.66581,3.6700000000000004
1407,5.3161116,5.319375
1408,4.734502,4.720625
1409,5.5125637,5.51875
1410,6.5797906,6.5825
1411,3.8436542,3.842222222222222
1412,7.006345,7.008823529411765
1413,5.5280275,5.532
1414,6.655998,6.649375
1415,7.3726125,7.380625
1416,11.696107,11.703
1417,4.7894707,4.7875
1418,8.512492,8.510833333333332
1419,7.2901525,7.295
1420,7.673892,7.675
1421,9.136007,9.133333333333333
1422,4.629353,4.631176470588236
1423,5.8140016,5.815333333333333
1424,2.8425221,2.837037037037037
1425,2.2098842,2.2039285714285715
1426,3.048924,3.052608695652174
1427,4.65728,4.654375
1428,3.7427592,3.7490476190476194
1429,8.180604,8.183846153846154
1430,8.192065,8.156666666666666
1431,9.082405,9.084615384615384
1432,6.7641335,6.758235294117647
1433,5.21858,5.207368421052632
1434,6.3837824,6.382777777777778
1435,7.743331,7.750714285714286
1436,6.731125,6.737333333333334
1437,6.584325,6.5825
1438,8.801896,8.80090909090909
1439,6.573617,6.5825
1440,6.840502,6.867272727272728
1441,8.414555,8.416363636363636
1442,5.7888017,5.788125
1443,8.296292,8.298
1444,8.189577,8.192
1445,6.4572983,6.454
1446,4.8149195,4.815789473684211
1447,7.122389,7.119230769230769
1448,6.5306363,6.534999999999999
1449,5.5283237,5.532666666666667
1450,5.740271,5.744666666666666
1451,8.343225,8.346923076923078
1452,6.883976,6.879333333333333
1453,8.956711,8.954166666666667
1454,6.113337,6.1175
1455,4.3222175,4.321875
1456,7.4504185,7.446923076923077
1457,5.590131,5.585625
1458,4.813436,4.815789473684211
1459,8.180218,8.183076923076923
1460,4.377321,4.373333333333333
1461,3.6913786,3.7004347826086956
1462,5.3198614,5.319375
1463,1.8227507,1.832222222222222
1464,1.9674423,1.971176470588235
1465,9.044946,9.0425
1466,9.075188,9.083846153846155
1467,8.677365,8.674615384615384
1468,8.59766,8.593076923076923
1469,8.350096,8.346923076923078
1470,12.645907,12.647777777777778
1471,5.165196,5.177333333333333
1472,8.02426,8.014666666666667
1473,6.737565,6.7379999999999995
1474,7.3811455,7.38125
1475,5.653472,5.653125
1476,4.959259,4.966111111111111
1477,5.681892,5.6738888888888885
1478,6.5222416,6.524666666666667
1479,6.1542587,6.1571428571428575
1480,6.3176374,6.323888888888889
1481,5.259378,5.266
1482,6.6326714,6.634705882352941
1483,5.2574887,5.2631578947368425
1484,5.439035,5.437222222222222
1485,5.6041484,5.6033333333333335
1486,5.810964,5.815333333333333
1487,5.7224026,5.732777777777778
1488,5.453826,5.4525
1489,2.3795605,2.3857575757575757
1490,2.6797223,2.6782758620689657
1491,5.7711515,5.7749999999999995
1492,7.1223702,7.119230769230769
1493,8.124093,8.130714285714285
1494,9.226009,9.22
1495,12.764686,12.765555555555556
1496,7.13295,7.134117647058823
1497,5.5138116,5.521904761904762
1498,9.419801,9.410769230769231
1499,7.1675024,7.163333333333333
1500,6.747353,6.737333333333334
1501,5.581559,5.585625
1502,6.3749447,6.382857142857143
1503,2.5713277,2.5776923076923075
1504,2.054198,2.06125
1505,2.9173894,2.9258333333333333
1506,2.2929683,2.291153846153846
1507,7.286588,7.283846153846154
1508,5.4473586,5.4525
1509,7.2696486,7.269166666666667
1510,6.183179,6.185
1511,5.2440224,5.2525
1512,5.2610016,5.2564705882352944
1513,6.9478836,6.956153846153847
1514,12.635674,12.6325
1515,11.167767,11.171
1516,8.868388,8.865833333333333
1517,10.831687,10.831818181818182
1518,6.7388697,6.737333333333334
1519,5.906843,5.911111111111111
1520,7.1297092,7.134117647058823
1521,7.6119814,7.610769230769231
1522,8.43414,8.435
1523,8.176312,8.178125
1524,5.4628005,5.451875
1525,6.5825424,6.5825
1526,6.633149,6.649375
1527,2.3948965,2.402258064516129
1528,2.5997357,2.6048275862068966
1529,11.059903,11.064
1530,5.040827,5.038947368421052
1531,4.557126,4.559047619047619
1532,5.7381496,5.732777777777778
1533,5.3151736,5.319047619047619
1534,4.8113756,4.815263157894736
1535,7.6615224,7.66
1536,7.03065,7.021333333333333
1537,6.9537725,6.950666666666667
1538,8.585854,8.592307692307692
1539,8.5079155,8.510769230769231
1540,7.8691926,7.8726666666666665
1541,6.8774786,6.876153846153846
1542,7.8651037,7.857692307692308
1543,7.878171,7.8726666666666665
1544,6.789878,6.792307692307692
1545,5.7820206,5.784375
1546,5.1642475,5.167619047619048
1547,4.813641,4.815263157894736
1548,5.778873,5.784375
1549,5.112695,5.119375
1550,2.5830414,2.576
1551,2.3275108,2.32625
1552,2.455115,2.4579310344827587
1553,8.860134,8.865555555555556
1554,6.106016,6.116875
1555,4.5899177,4.591052631578948
1556,3.190937,3.1916
1557,5.739624,5.744666666666666
1558,4.756181,4.762380952380953
1559,5.2417464,5.2525
1560,5.2482624,5.2525
1561,8.422741,8.4225
1562,7.167424,7.163333333333333
1563,5.9703593,5.957333333333334
1564,5.5978727,5.602666666666667
1565,6.733058,6.7375
1566,7.1437755,7.144285714285714
1567,7.362553,7.365384615384615
1568,4.3120537,4.31764705882353
1569,6.3889837,6.3838888888888885
1570,4.649999,4.654375
1571,6.1919055,6.1925
1572,1.6397011,1.6448571428571428
1573,9.285542,9.284545454545453
1574,5.9523435,5.957333333333334
1575,6.803244,6.808666666666666
1576,7.09657,7.092666666666667
1577,7.5303426,7.5284615384615385
1578,5.5307636,5.532
1579,4.9526544,4.947
1580,5.9603286,5.969444444444445
1581,4.8161297,4.815263157894736
1582,7.44052,7.4479999999999995
1583,6.3870983,6.382777777777778
1584,6.071745,6.070588235294117
1585,8.421375,8.421666666666667
1586,8.915527,8.921538461538463
1587,7.290719,7.295
1588,9.1332,9.130833333333333
1589,6.4398804,6.449375
1590,5.789275,5.78625
1591,7.6448326,7.640000000000001
1592,6.1229663,6.132941176470588
1593,12.772498,12.765555555555556
1594,6.106187,6.1175
1595,8.305204,8.298
1596,1.6930224,1.6920512820512819
1597,1.8390834,1.8471794871794873
1598,2.154164,2.161212121212121
1599,6.783784,6.792307692307692
1600,6.134912,6.1376923076923084
1601,6.3788633,6.383333333333333
1602,5.468687,5.473571428571428
1603,7.632589,7.640000000000001
1604,5.4874105,5.487368421052632
1605,5.5856743,5.585
1606,6.4410534,6.450625
1607,7.526521,7.5284615384615385
1608,8.178564,8.183076923076923
1609,4.7147837,4.712380952380952
1610,5.0954733,5.095263157894737
1611,6.7336006,6.7379999999999995
1612,4.871301,4.863333333333333
1613,7.7752867,7.779375
1614,9.326859,9.329230769230769
1615,6.918027,6.915
1616,2.6002991,2.600740740740741
1617,3.0987616,3.0904761904761906
1618,4.1234207,4.13
1619,3.642036,3.6399999999999997
1620,7.977153,7.9799999999999995
1621,6.3785276,6.383076923076923
1622,5.111831,5.1065
1623,7.538409,7.544545454545454
1624,6.9046373,6.915833333333333
1625,7.515332,7.522857142857142
1626,11.105673,11.112222222222222
1627,10.993224,10.993333333333332
1628,10.858739,10.852
1629,4.7387133,4.7365
1630,5.8752537,5.876190476190477
1631,6.6095886,6.606842105263158
1632,5.966071,5.969444444444445
1633,9.285594,9.275714285714287
1634,8.90051,8.897272727272728
1635,12.447654,12.447
1636,7.5305443,7.5321428571428575
1637,8.927419,8.92
1638,8.510312,8.510714285714286
1639,7.708148,7.713125
1640,1.6949582,1.695625
1641,2.8285098,2.8370833333333336
1642,8.29303,8.298
1643,8.406302,8.404
1644,7.1452694,7.157272727272727
1645,7.615263,7.610769230769231
1646,4.727144,4.7283333333333335
1647,5.3182735,5.319375
1648,6.1766825,6.18375
1649,8.354382,8.358571428571429
1650,6.386518,6.383333333333334
1651,6.869996,6.879333333333333
1652,5.136827,5.1376470588235295
1653,8.511887,8.510833333333332
1654,8.061868,8.0675
1655,5.1280193,5.131176470588236
1656,7.973133,7.978571428571429
1657,7.096195,7.092
1658,5.2539196,5.260555555555555
1659,6.7415276,6.737333333333334
1660,4.7835865,4.7875
1661,3.7347832,3.7255555555555557
1662,4.817911,4.822666666666667
1663,5.2581806,5.2564705882352944
1664,6.3779197,6.383076923076923
1665,9.279699,9.284545454545453
1666,8.847753,8.839230769230769
1667,7.5210276,7.518
1668,6.946448,6.950666666666667
1669,8.262689,8.265384615384615
1670,7.3018446,7.295
1671,6.761979,6.758235294117647
1672,7.7093124,7.7125
1673,4.9602327,4.964444444444444
1674,4.7536993,4.7558823529411764
1675,6.8484297,6.848125
1676,6.145508,6.18047619047619
1677,7.7510653,7.752142857142857
1678,9.309866,9.309166666666666
1679,5.6205993,5.6161111111111115
1680,6.734404,6.7379999999999995
1681,4.156482,4.153809523809524
1682,6.9825506,6.98125
1683,5.985461,5.98375
1684,7.513489,7.513125
1685,4.7362857,4.72125
1686,4.009405,4.005294117647059
1687,3.4947357,3.4957142857142856
1688,4.7306724,4.7283333333333335
1689,4.435273,4.432777777777778
1690,6.5822015,6.5825
1691,6.6274195,6.628461538461538
1692,7.6543627,7.6593333333333335
1693,8.089227,8.086
1694,6.8511734,6.848125
1695,6.857641,6.84875
1696,6.168934,6.172
1697,6.190311,6.185
1698,5.9837227,5.991052631578947
1699,3.765358,3.767916666666667
1700,6.6356754,6.633529411764705
1701,10.157048,10.166666666666666
1702,7.8848314,7.8726666666666665
1703,2.4174342,2.4271875
1704,2.5633535,2.5658823529411765
1705,3.0226874,3.0216000000000003
1706,6.1535892,6.1376923076923084
1707,3.1852236,3.1917647058823526
1708,6.1950994,6.18375
1709,4.9085746,4.910769230769231
1710,6.6915393,6.687142857142858
1711,7.799164,7.801666666666667
1712,7.944148,7.939230769230769
1713,5.1968045,5.194117647058824
1714,4.6741695,4.6688888888888895
1715,6.442039,6.45
1716,7.4392295,7.446875
1717,6.7168713,6.715625
1718,5.458747,5.460666666666667
1719,7.373748,7.376
1720,9.578203,9.576363636363636
1721,7.377287,7.380625
1722,6.134444,6.134117647058823
1723,7.024139,7.021333333333333
1724,5.9563613,5.959333333333333
1725,3.19833,3.191818181818182
1726,2.0871964,2.089642857142857
1727,7.293085,7.295
1728,5.3772645,5.381764705882353
1729,5.4754505,5.479
1730,4.868166,4.8715789473684215
1731,6.2111983,6.2058333333333335
1732,6.304613,6.307142857142857
1733,7.1398344,7.143571428571429
1734,6.3022003,6.312666666666667
1735,4.1928926,4.192941176470589
1736,5.3131657,5.319444444444445
1737,6.0051875,6.00764705882353
1738,6.9213624,6.915
1739,4.1256657,4.13
1740,5.457965,5.461333333333333
1741,4.7412786,4.752
1742,2.1289709,2.127666666666667
1743,9.251074,9.254999999999999
1744,9.161965,9.175
1745,8.621145,8.618
1746,4.9819984,4.986875
1747,6.1774044,6.185
1748,5.1635656,5.151052631578947
1749,6.99569,6.990714285714286
1750,6.737182,6.737333333333334
1751,5.9855943,5.984375
1752,4.6713495,4.6688888888888895
1753,5.7847643,5.793333333333333
1754,7.585909,7.588666666666667
1755,4.494893,4.492222222222222
1756,4.789749,4.7871428571428565
1757,4.053519,4.042666666666666
1758,10.764525,10.77125
1759,6.632313,6.603
1760,8.50667,8.510769230769231
1761,6.721286,6.71
1762,10.371925,10.37375
1763,6.381971,6.382727272727272
1764,5.9543815,5.957333333333334
1765,8.052303,8.055
1766,6.937358,6.948823529411764
1767,6.5533686,6.546923076923077
1768,6.8060503,6.8100000000000005
1769,5.7853403,5.793333333333333
1770,8.893884,8.893571428571429
1771,8.9287,8.92
1772,9.3262205,9.329230769230769
1773,6.8114157,6.8100000000000005
1774,8.346649,8.348461538461539
1775,7.844247,7.845625
1776,8.439014,8.435714285714285
1777,6.8967123,6.873846153846154
1778,6.471228,6.4592857142857145
1779,2.5665612,2.57125
1780,2.86162,2.8545454545454545
1781,2.1231837,2.128076923076923
1782,7.7112136,7.715
1783,5.3175745,5.319333333333334
1784,4.929,4.921875
1785,7.5851574,7.588666666666667
1786,5.4589357,5.461333333333333
1787,5.3755674,5.378333333333334
1788,6.8857536,6.867272727272728
1789,5.5459986,5.547142857142857
1790,5.0997787,5.1065
1791,7.515808,7.522857142857142
1792,6.9860115,6.98125
1793,9.149501,9.151
1794,6.0837283,6.079285714285715
1795,9.9939785,9.983846153846153
1796,7.203425,7.203076923076923
1797,6.5194964,6.5175
1798,6.9136133,6.915
1799,5.521106,5.51875
1800,2.6378102,2.6384
1801,7.9796786,7.980833333333333
1802,5.701452,5.699285714285715
1803,5.9727106,5.974615384615385
1804,5.25461,5.260000000000001
1805,5.1411314,5.141666666666667
1806,6.602969,6.597333333333333
1807,6.615627,6.610714285714286
1808,8.517936,8.515
1809,8.098472,8.10153846153846
1810,6.1854277,6.18375
1811,6.375922,6.382857142857143
1812,7.8255424,7.826428571428571
1813,7.641387,7.63470588235294
1814,6.6760244,6.666666666666667
1815,7.430587,7.387777777777777
1816,7.5230093,7.518
1817,6.5976405,6.596
1818,6.0026217,6.003571428571428
1819,8.993858,8.994545454545454
1820,5.961021,5.9575000000000005
1821,2.6174679,2.6214285714285714
1822,2.4511259,2.442962962962963
1823,2.056921,2.0593548387096776
1824,2.80472,2.8084
1825,9.593844,9.574444444444445
1826,10.019101,10.0175
1827,8.342486,8.346923076923078
1828,7.2876353,7.283846153846154
1829,12.523089,12.53
1830,8.900343,8.890714285714285
1831,13.835858,13.83
1832,8.266324,8.265384615384615
1833,8.592142,8.592307692307692
1834,7.8634615,7.856153846153846
1835,8.512529,8.510714285714286
1836,6.86862,6.873846153846154
1837,8.682457,8.674615384615384
1838,7.137786,7.134117647058823
1839,9.821325,9.82
1840,7.1533856,7.144285714285714
1841,9.903387,9.90230769230769
1842,4.4408274,4.442941176470589
1843,15.616092,15.603333333333333
1844,8.205617,8.206428571428571
1845,10.926107,10.928181818181818
1846,7.979805,7.98125
1847,11.174872,11.171666666666667
1848,9.660605,9.656153846153845
1849,9.251472,9.246923076923077
1850,10.0693865,10.065384615384614
1851,7.934068,7.937692307692307
1852,10.441974,10.43
1853,6.7224326,6.71
1854,8.433634,8.430769230769231
1855,3.9517632,3.9514285714285715
1856,9.173192,9.165384615384616
1857,9.166874,9.165384615384616
1858,10.562166,10.556153846153846
1859,7.978759,7.978571428571429
1860,6.9218,6.915
1861,8.515797,8.510769230769231
1862,9.412338,9.410769230769231
1863,8.106327,8.10153846153846
1864,7.613925,7.610769230769231
1865,10.154836,10.155454545454544
1866,12.450757,12.451
1867,9.826116,9.821538461538463
1868,9.910457,9.901538461538461
1869,6.8302546,6.838571428571428
1870,8.673964,8.674615384615384
1871,7.6921916,7.6923076923076925
1872,7.6895723,7.693846153846153
1873,9.901299,9.901538461538461
1874,7.3693085,7.364615384615385
1875,7.534751,7.532307692307692
1876,3.3212204,3.3192000000000004
1877,7.3671913,7.364615384615385
1878,7.6172485,7.610769230769231
1879,8.658023,8.662857142857144
1880,9.105542,9.118571428571428
1881,8.060497,8.055
1882,8.59479,8.592307692307692
1883,8.02672,8.02
1884,9.71268,9.705384615384615
1885,9.335314,9.329230769230769
1886,14.403838,14.42111111111111
1887,12.120808,12.11
1888,10.557853,10.557692307692308
1889,7.372016,7.376
1890,9.324047,9.329230769230769
1891,8.43314,8.432307692307692
1892,8.588748,8.592307692307692
1893,10.75486,10.756666666666668
1894,8.839161,8.837692307692308
1895,8.680817,8.674615384615384
1896,8.35111,8.346923076923078
1897,2.8523731,2.8496428571428574
1898,3.6322765,3.6476190476190475
1899,8.801018,8.80090909090909
1900,8.107112,8.10153846153846
1901,7.201495,7.201538461538462
1902,7.7760954,7.773846153846154
1903,7.72645,7.737272727272727
1904,4.8423877,4.846111111111111
1905,7.6686,7.675
1906,6.7002926,6.687142857142858
1907,6.3837366,6.382941176470588
1908,7.696887,7.696153846153846
1909,6.3921947,6.385384615384615
1910,11.808011,11.809999999999999
1911,8.591449,8.592307692307692
1912,9.012011,9.002307692307692
1913,8.672111,8.674615384615384
1914,7.242895,7.253636363636364
1915,8.591552,8.592307692307692
1916,5.565365,5.564615384615385
1917,7.8571663,7.856153846153846
1918,3.8488503,3.842222222222222
1919,7.014475,7.021333333333333
1920,12.770665,12.766
1921,8.9381275,8.936
1922,8.608789,8.6
1923,8.37277,8.368666666666666
1924,7.946432,7.943333333333333
1925,8.875112,8.865333333333332
1926,10.829818,10.831818181818182
1927,7.9070277,7.904285714285714
1928,7.3842545,7.371428571428572
1929,5.0597987,5.053125
1930,8.23398,8.226666666666667
1931,8.234984,8.226666666666667
1932,3.156368,3.152222222222222
1933,4.000818,3.9895000000000005
1934,3.450921,3.4575000000000005
1935,4.893639,4.894
1936,5.987185,5.973846153846154
1937,9.1581745,9.165384615384616
1938,8.100549,8.103076923076923
1939,8.357228,8.358571428571429
1940,7.3740435,7.372142857142856
1941,10.637202,10.638333333333334
1942,11.546313,11.538461538461538
1943,9.24776,9.24846153846154
1944,7.5364914,7.5284615384615385
1945,12.877871,12.873
1946,11.210362,11.210769230769232
1947,3.9556394,3.951904761904762
1948,5.3927984,5.385294117647058
1949,3.9580789,3.9638888888888886
1950,3.7015877,3.7024
1951,2.946474,2.946153846153846
1952,3.0376554,3.0403571428571428
1953,3.8333287,3.8295999999999997
1954,4.3538623,4.351818181818182
1955,3.6961508,3.7004347826086956
1956,6.761449,6.7664285714285715
1957,4.953691,4.9479999999999995
1958,5.679563,5.6738888888888885
1959,6.5894084,6.5825
1960,5.382947,5.390666666666666
1961,8.779194,8.776666666666666
1962,7.2964926,7.295
1963,6.1733713,6.17
1964,6.3122053,6.3133333333333335
1965,6.378847,6.382666666666666
1966,1.5608001,1.5678947368421052
1967,1.7648547,1.7730555555555556
1968,5.9262633,5.9278571428571425
1969,4.2474813,4.2555
1970,5.493528,5.489473684210526
1971,4.6331344,4.6274999999999995
1972,7.903515,7.902857142857143
1973,9.31182,9.309166666666666
1974,10.155324,10.155454545454544
1975,6.5543175,6.5515384615384615
1976,4.4433355,4.449090909090909
1977,5.6996293,5.699285714285715
1978,5.9604187,5.959333333333333
1979,6.5808783,6.5825
1980,6.2446184,6.231428571428571
1981,5.030519,5.035333333333333
1982,5.8885407,5.886666666666667
1983,2.3480294,2.3557142857142854
1984,2.6310606,2.6214285714285714
1985,2.192204,2.196451612903226
1986,2.6575403,2.6595833333333334
1987,5.5879974,5.585625
1988,3.5231204,3.546666666666667
1989,6.6653986,6.666666666666667
1990,4.055261,4.070434782608696
1991,3.8579364,3.8499999999999996
1992,4.94111,4.944117647058824
1993,4.7318783,4.7283333333333335
1994,5.4399557,5.438888888888889
1995,6.7859554,6.7825
1996,3.1926734,3.191304347826087
1997,4.30544,4.3085
1998,3.8080792,3.8120833333333333
1999,5.3827367,5.378333333333334
2000,7.187236,7.1816666666666675
2001,6.3771563,6.383125
2002,4.7347445,4.734
2003,6.788789,6.792307692307692
2004,5.2065325,5.215
2005,2.4080534,2.417878787878788
2006,1.6165261,1.6189130434782608
2007,1.5487344,1.5475
2008,1.519436,1.5090697674418605
2009,4.672752,4.669444444444444
2010,6.1478,6.148888888888889
2011,6.317722,6.312666666666667
2012,3.5080724,3.5104999999999995
2013,4.965302,4.964761904761905
2014,4.8518686,4.8405000000000005
2015,4.686532,4.690909090909091
2016,3.6583223,3.653913043478261
2017,4.4264035,4.423684210526315
2018,4.793159,4.787777777777778
2019,7.0588865,7.067142857142857
2020,6.1067233,6.116875
2021,4.110298,4.103809523809524
2022,6.9569445,6.956153846153847
2023,4.524207,4.5215000000000005
2024,6.787041,6.781875
2025,4.7961745,4.7875
2026,7.105317,7.164666666666666
2027,6.389781,6.383333333333334
2028,4.711836,4.711428571428572
2029,8.500139,8.510714285714286
2030,6.518489,6.51625
2031,7.8036947,7.801666666666667
2032,8.702327,8.704545454545455
2033,5.9201436,5.918125
2034,7.451455,7.446666666666667
2035,3.1170864,3.1182758620689657
2036,4.1152954,4.113333333333333
2037,4.132886,4.123125
2038,4.554627,4.5505555555555555
2039,6.4568043,6.4592857142857145
2040,5.7700014,5.763333333333333
2041,6.392608,6.388333333333333
2042,4.4340897,4.423157894736843
2043,3.6633463,3.665
2044,4.058896,4.0528571428571425
2045,6.003344,6.005
2046,5.4496107,5.451875
2047,4.719731,4.72125
2048,6.1867876,6.196470588235294
2049,11.028454,11.02909090909091
2050,6.632349,6.633529411764705
2051,6.7102633,6.71076923076923
2052,6.311773,6.312666666666667
2053,5.568587,5.569411764705883
2054,5.585857,5.585
2055,5.7236357,5.719375
2056,6.723834,6.716875
2057,6.379123,6.382666666666666
2058,2.7326112,2.7303333333333333
2059,2.4276185,2.4256
2060,2.7241876,2.7291304347826086
2061,5.4740477,5.471428571428571
2062,4.5272613,4.52125
2063,6.645748,6.649166666666667
2064,4.8360877,4.8405000000000005
2065,5.888451,5.886666666666667
2066,7.520958,7.522857142857142
2067,7.6336794,7.640909090909091
2068,8.8471155,8.838461538461539
2069,4.6111226,4.61
2070,5.573242,5.570588235294117
2071,4.9142838,4.914761904761905
2072,5.670525,5.6738888888888885
2073,6.9958234,6.990714285714286
2074,9.110761,9.118571428571428
2075,5.2589417,5.2564705882352944
2076,2.6655822,2.6623076923076923
2077,2.0904095,2.094375
2078,4.790172,4.787222222222223
2079,5.9104524,5.9175
2080,7.8522654,7.857692307692308
2081,5.386665,5.385625
2082,7.366776,7.365384615384615
2083,3.7203264,3.724
2084,9.777329,9.787
2085,8.966495,8.967142857142857
2086,8.754886,8.756153846153847
2087,5.261502,5.261111111111111
2088,6.386876,6.383333333333333
2089,7.6912193,7.675
2090,7.3038373,7.3053333333333335
2091,5.457874,5.460666666666667
2092,4.671921,4.680666666666666
2093,2.3648667,2.3690322580645162
2094,2.339314,2.340333333333333
2095,2.329222,2.321212121212121
2096,2.5123742,2.5180000000000002
2097,2.6224103,2.6214285714285714
2098,2.6484814,2.6413793103448273
2099,2.789165,2.797777777777778
2100,3.6579971,3.653913043478261
2101,2.547357,2.5535
2102,3.192572,3.191304347826087
2103,3.6389184,3.6399999999999997
2104,3.814177,3.810526315789474
2105,8.144358,8.156666666666666
2106,8.157799,8.158333333333333
2107,6.562001,6.56
2108,5.3209696,5.319411764705883
2109,4.790126,4.787777777777778
2110,3.6781502,3.6791666666666667
2111,5.009476,5.015
2112,4.9073544,4.905555555555555
2113,4.363373,4.357142857142857
2114,4.506821,4.509047619047619
2115,5.911908,5.9175
2116,4.669693,4.669444444444444
2117,1.4150255,1.4184444444444444
2118,4.0066714,4.001904761904762
2119,3.9194708,3.9194736842105264
2120,5.453928,5.4525
2121,4.652091,4.647368421052631
2122,5.599188,5.602666666666667
2123,3.8507924,3.8562499999999997
2124,3.936666,3.936
2125,3.5909028,3.5966666666666667
2126,3.8618813,3.8686363636363637
2127,3.1852236,3.1917391304347826
2128,11.688566,11.702
2129,7.67064,7.676428571428572
2130,8.195234,8.192
2131,5.1001163,5.116666666666667
2132,5.8851233,5.882941176470588
2133,5.386758,5.385625
2134,6.1535797,6.155
2135,6.3173094,6.31625
2136,2.3053327,2.3052777777777775
2137,1.4787078,1.48
2138,2.0153615,2.0145945945945947
2139,7.8603897,7.856153846153846
2140,3.764041,3.755294117647059
2141,2.9539099,2.9516129032258065
2142,5.3239975,5.319166666666667
2143,6.1067085,6.093636363636364
2144,5.0834284,5.083333333333333
2145,4.7918506,4.787777777777778
2146,5.8524046,5.85125
2147,5.5037966,5.496666666666666
2148,7.358978,7.35
2149,6.1709867,6.17
2150,5.612737,5.614444444444445
2151,4.864602,4.871052631578947
2152,4.859939,4.863333333333333
2153,5.8242183,5.822941176470588
2154,5.3864717,5.385625
2155,5.118732,5.116666666666667
2156,8.245422,8.245
2157,8.0513735,8.055
2158,6.461108,6.4592857142857145
2159,2.342391,2.3430000000000004
2160,2.1888037,2.195
2161,1.7599313,1.761875
2162,2.2784944,2.2810714285714284
2163,4.8869286,4.8758333333333335
2164,6.848382,6.869090909090909
2165,5.7176847,5.718125
2166,7.687479,7.675
2167,4.4944887,4.497272727272727
2168,5.445942,5.444117647058824
2169,7.3015876,7.295
2170,4.442055,4.444705882352942
2171,5.320466,5.32
2172,7.5194254,7.522857142857142
2173,5.4693336,5.471428571428571
2174,4.984222,4.986875
2175,6.4680977,6.461875
2176,2.8173556,2.8114285714285714
2177,2.6919427,2.6928125
2178,2.5793467,2.579090909090909
2179,2.0148091,2.0172222222222222
2180,6.523926,6.524666666666667
2181,6.6902843,6.688571428571429
2182,3.7169528,3.7237500000000003
2183,4.9653673,4.964444444444444
2184,9.253066,9.256
2185,8.029324,8.027272727272727
2186,7.592865,7.598571428571428
2187,4.2139564,4.208181818181818
2188,4.616435,4.613333333333333
2189,5.6988077,5.694705882352942
2190,4.949634,4.943529411764707
2191,5.8131876,5.817333333333334
2192,8.830631,8.83
2193,5.976033,5.98375
2194,2.5538878,2.5596875
2195,2.123447,2.1278571428571427
2196,2.1798196,2.1885714285714286
2197,6.805336,6.808666666666666
2198,5.651157,5.643846153846154
2199,18.654686,18.616666666666667
2200,14.774676,14.76125
2201,9.095292,9.092727272727272
2202,5.586363,5.585625
2203,5.433817,5.438888888888889
2204,5.078539,5.086111111111111
2205,5.388086,5.38625
2206,5.460596,5.45375
2207,4.2122207,4.2025
2208,4.453181,4.477083333333334
2209,4.206851,4.2057142857142855
2210,7.2985964,7.295
2211,7.62356,7.6241666666666665
2212,9.57728,9.574444444444445
2213,7.2499743,7.2475
2214,8.441163,8.435
2215,6.31086,6.307142857142857
2216,5.9768333,5.984375
2217,7.5992074,7.598571428571428
2218,2.6212418,2.618846153846154
2219,2.2234006,2.2275
2220,2.6055667,2.615416666666667
2221,4.457563,4.455
2222,4.525275,4.521875
2223,5.8122416,5.816
2224,10.25167,10.251818181818182
2225,7.4456844,7.449166666666667
2226,10.328418,10.324
2227,7.3737392,7.374285714285714
2228,6.19481,6.195294117647059
2229,6.956412,6.956153846153847
2230,6.158699,6.1571428571428575
2231,7.7773976,7.773846153846154
2232,7.5707364,7.5717647058823525
2233,2.9050884,2.9050000000000002
2234,3.0588255,3.05875
